町丁字名,世帯数,総数,0 ～,5 ～,10～,15～,20～,25～,30～,35～,40～,45～,50～,55～,60～,65～,70～,75～,80～,85～,90～,95～,100歳
総数,"255,254","500,395","15,931","18,554","19,431","20,653","27,985","31,978","30,034","29,805","31,706","35,284","42,734","37,774","29,660","24,354","27,117","29,983","24,523","14,760","6,359","1,556",214
松戸,"9,957","17,483",598,545,589,566,"1,099","1,637","1,515","1,232","1,212","1,261","1,456","1,248","1,053",810,739,799,569,338,161,47,9
小山,"2,715","5,549",150,201,220,261,341,286,275,306,345,427,535,407,364,306,337,290,261,151,69,16,1
本町,958,"1,382",46,38,26,21,61,174,157,121,133,131,113,74,65,55,43,43,35,23,18,4,1
二十世紀が丘柿の木町,287,623,24,19,27,26,42,37,19,33,38,49,45,44,35,31,34,48,36,22,11,3,－
二十世紀が丘萩町,894,"1,690",56,56,48,52,93,97,110,112,90,112,148,135,93,94,107,103,99,56,24,4,1
二十世紀が丘美野里町,523,"1,136",34,56,51,55,72,78,80,72,76,67,98,85,63,66,44,45,53,28,13,－,－
二十世紀が丘中松町,345,708,47,30,17,31,34,45,73,54,45,48,57,31,34,32,25,40,41,15,7,1,1
二十世紀が丘丸山町,332,709,24,39,26,32,39,47,40,43,47,52,66,56,37,27,31,35,41,11,11,5,－
二十世紀が丘戸山町,369,863,27,40,27,39,46,32,43,37,45,42,76,80,71,44,52,77,41,33,9,2,－
二十世紀が丘梨元町,295,614,18,31,18,29,31,27,41,33,28,29,72,42,36,27,38,46,33,20,11,3,1
上矢切,"2,079","4,446",141,200,224,213,211,234,233,301,348,340,363,333,233,221,222,239,210,122,47,10,1
中矢切,596,"1,199",55,66,51,54,57,77,79,100,100,84,108,95,49,37,53,49,42,27,10,6,－
下矢切,"1,986","3,703",105,97,115,106,199,243,217,225,207,223,307,271,243,199,227,256,207,147,81,26,2
栗山,"1,234","2,123",42,68,87,88,159,181,148,129,166,191,174,133,95,88,93,115,77,57,25,6,1
三矢小台1丁目,237,475,19,16,18,14,16,28,43,24,26,30,43,29,43,21,25,32,18,17,13,－,－
三矢小台2丁目,349,739,37,33,28,27,44,45,28,57,47,57,52,53,51,26,32,39,34,29,19,1,－
三矢小台3丁目,482,"1,055",42,40,49,70,49,59,51,78,55,75,101,92,62,42,43,44,57,30,11,5,－
三矢小台4丁目,431,893,29,42,24,33,42,58,61,59,51,53,67,69,55,47,41,68,48,27,13,6,－
三矢小台5丁目,526,"1,142",29,34,49,57,73,55,58,52,48,67,100,104,90,69,60,69,66,43,15,4,－
上本郷,"9,378","17,396",534,584,637,688,"1,053","1,384","1,219","1,094","1,135","1,166","1,541","1,432","1,053",831,799,885,684,430,191,55,1
北松戸1丁目,444,561,8,5,1,8,83,106,55,41,26,35,38,26,28,28,25,20,17,6,4,1,－
北松戸2丁目,781,"1,357",43,36,47,55,92,135,109,103,71,112,118,126,78,45,59,50,38,26,11,3,－
北松戸3丁目,454,717,8,16,8,15,56,72,41,44,41,51,65,64,52,36,31,44,45,16,8,4,－
南花島,227,440,12,12,16,10,14,38,32,29,26,28,21,43,43,38,24,26,8,8,9,3,－
松戸新田,"7,697","15,473",446,578,672,764,896,993,881,860,963,"1,205","1,456","1,140",983,738,774,844,652,394,193,34,7
仲井町1丁目,469,800,23,16,12,32,58,55,65,38,43,55,78,64,57,50,42,45,33,18,12,4,－
仲井町2丁目,464,743,22,17,12,15,49,69,74,61,39,45,48,54,48,52,37,31,22,24,17,6,1
仲井町3丁目,392,675,20,9,16,14,36,46,42,41,35,35,67,54,59,49,45,34,26,24,18,5,－
稔台,369,904,25,41,63,57,35,44,31,38,65,81,84,52,55,47,50,58,43,20,12,3,－
岩瀬,"2,384","4,398",130,158,153,140,239,333,242,322,306,296,359,346,241,216,226,260,211,140,57,22,1
胡録台,"2,807","6,179",249,326,289,277,326,340,372,431,428,440,501,528,370,289,258,286,230,152,76,10,1
小根本,"1,702","3,260",105,158,164,108,174,301,251,242,282,278,243,276,210,134,113,92,55,45,19,8,2
竹ケ花,897,"1,574",46,41,32,50,94,130,145,107,102,93,130,109,93,86,87,81,69,46,22,6,5
吉井町,488,866,30,21,28,35,57,82,79,50,42,55,70,74,64,60,30,36,33,15,4,1,－
根本,"3,664","6,351",219,247,182,183,398,521,470,487,471,466,554,485,352,321,327,283,192,122,54,13,4
樋野口,"1,834","3,394",128,155,120,144,210,327,259,266,227,233,282,283,185,141,106,122,95,66,33,10,2
古ケ崎,"1,568","3,177",106,168,158,134,139,228,225,198,234,274,304,217,160,126,142,151,106,67,34,5,1
野菊野,774,"1,181",30,22,11,28,39,62,49,51,66,59,109,70,80,81,120,122,109,54,17,2,－
稔台1丁目,"1,355","2,396",92,86,76,74,136,184,189,197,176,169,192,183,119,107,116,113,101,48,33,5,－
稔台2丁目,"1,145","2,210",70,86,73,80,106,131,105,130,125,126,171,187,156,111,106,149,137,98,48,11,4
稔台3丁目,"1,213","2,781",63,92,118,158,158,141,80,135,146,206,321,271,213,119,154,149,147,79,23,7,1
稔台4丁目,167,407,8,13,14,36,18,11,14,17,27,40,39,31,17,15,30,35,26,14,2,－,－
稔台5丁目,144,298,9,7,19,12,18,22,23,20,18,22,31,29,22,20,12,6,7,1,－,－,－
稔台6丁目,1,1,ｘ,ｘ,ｘ,ｘ,ｘ,ｘ,ｘ,ｘ,ｘ,ｘ,ｘ,ｘ,ｘ,ｘ,ｘ,ｘ,ｘ,ｘ,ｘ,ｘ,ｘ
稔台7丁目,"1,826","3,502",96,113,139,149,175,213,212,189,227,273,318,267,233,210,223,193,135,87,35,14,1
稔台8丁目,747,"1,389",26,29,43,55,80,90,72,76,76,82,137,136,91,80,88,77,87,51,12,1,－
南花島1丁目,528,"1,111",64,80,50,37,49,54,84,97,115,98,78,62,52,35,37,45,33,23,14,4,－
南花島2丁目,429,813,26,24,37,32,57,47,54,51,64,58,81,76,49,36,37,39,19,16,9,1,－
南花島3丁目,844,"1,411",49,52,43,75,99,129,126,78,101,91,116,99,83,47,50,67,53,34,17,1,1
南花島4丁目,450,901,24,32,47,42,53,49,48,49,62,78,91,82,61,49,40,50,22,11,9,2,－
南花島中町,105,241,9,10,9,8,18,20,13,8,26,17,33,19,8,8,13,10,5,3,3,1,－
南花島向町,48,49,－,－,－,9,24,9,5,－,－,－,－,2,－,－,－,－,－,－,－,－,－
岩瀬無番地,－,－,－,－,－,－,－,－,－,－,－,－,－,－,－,－,－,－,－,－,－,－,－
緑ケ丘1丁目,474,889,14,33,31,41,61,63,57,55,50,73,85,61,78,37,42,45,34,20,8,1,－
緑ケ丘2丁目,474,795,20,15,22,16,32,70,54,45,60,58,59,62,56,58,48,54,30,24,12,－,－
胡録台無番地,5,9,－,－,－,－,－,－,－,－,－,2,1,1,－,－,1,－,3,－,1,－,－
竹ケ花西町,547,"1,005",33,34,43,33,54,95,76,74,57,92,82,67,51,37,45,49,48,26,7,1,1
古ケ崎1丁目,403,918,42,64,54,38,30,50,75,92,79,91,62,39,40,31,37,42,29,20,3,－,－
古ケ崎2丁目,"1,282","2,469",73,97,94,78,98,135,160,124,159,180,194,172,114,107,159,173,192,115,44,1,－
古ケ崎3丁目,"1,041","2,274",78,85,133,110,119,118,106,126,134,191,248,164,100,84,102,151,133,67,20,4,1
古ケ崎4丁目,"1,160","2,447",54,92,108,99,127,116,106,102,127,185,238,197,134,102,149,187,182,103,33,5,1
栄町1丁目,455,840,27,23,20,32,39,54,55,43,57,51,64,67,51,43,47,63,68,25,8,2,1
栄町2丁目,451,819,17,22,31,18,41,38,43,32,44,62,79,72,49,31,46,64,78,41,10,1,－
栄町3丁目,754,"1,268",21,36,36,58,87,92,69,50,84,90,98,106,73,42,61,88,109,48,20,－,－
栄町4丁目,604,"1,044",14,14,18,34,59,44,50,49,60,47,99,100,63,50,70,93,94,67,14,3,2
栄町5丁目,851,"1,652",46,55,58,63,116,95,124,86,103,102,149,145,71,70,107,103,88,50,17,3,1
栄町6丁目,629,"1,265",47,45,44,42,57,55,86,65,77,83,137,105,57,45,81,93,92,41,10,3,－
栄町7丁目,"1,018","2,080",58,79,85,71,106,108,94,115,147,142,202,158,121,106,129,155,125,60,14,5,－
栄町8丁目,"1,074","2,230",53,95,78,112,110,87,114,114,131,149,223,161,134,105,118,165,166,83,27,5,－
栄町西1丁目,453,995,14,32,53,82,70,40,29,29,63,90,105,86,54,38,54,66,54,23,12,1,－
栄町西2丁目,316,677,16,34,31,37,36,34,33,43,48,45,59,62,43,28,38,30,34,16,8,2,－
栄町西3丁目,633,"1,437",61,99,84,79,63,47,85,89,93,115,122,103,66,51,68,70,74,45,16,6,1
栄町西4丁目,284,679,15,32,46,42,35,19,25,41,48,67,58,48,27,26,36,42,47,16,6,2,1
栄町西5丁目,388,958,30,64,70,48,52,29,53,51,67,89,102,54,40,26,47,56,41,27,10,2,－
紙敷,"1,076","2,186",70,87,93,86,124,165,111,134,134,142,180,136,113,99,118,153,122,71,34,12,2
和名ケ谷,"2,609","6,314",168,236,413,518,450,264,253,260,447,647,737,478,287,237,251,258,226,120,43,19,2
大橋,"1,606","3,196",93,92,87,114,166,163,161,162,165,220,274,219,188,167,208,293,230,129,52,13,－
秋山,"1,370","3,136",94,129,140,141,194,167,141,160,165,209,308,285,216,171,149,178,140,92,45,11,1
高塚新田,"6,048","12,656",420,512,564,667,690,606,579,740,721,946,"1,183",858,650,598,708,831,710,402,196,68,7
河原塚,"2,652","5,861",191,271,286,293,299,329,318,347,418,416,500,490,362,273,270,294,269,140,74,19,2
田中新田,123,297,16,14,13,11,24,11,16,22,18,23,25,19,13,21,11,20,14,3,3,－,－
紙敷1丁目,581,"1,280",39,74,64,68,88,85,61,68,74,96,179,122,58,51,58,35,40,14,6,－,－
紙敷2丁目,14,21,－,－,－,1,－,3,1,－,1,2,3,1,1,－,1,1,3,2,－,－,1
紙敷3丁目,91,208,9,11,14,11,5,12,12,17,23,19,13,8,6,11,14,10,4,2,4,3,－
東松戸1丁目,"1,398","3,098",113,160,219,205,157,211,228,201,232,357,337,230,129,86,78,73,39,25,14,3,1
東松戸2丁目,"1,249","2,879",192,313,210,96,95,172,219,340,334,297,231,126,70,53,43,37,26,14,8,2,1
東松戸3丁目,785,"1,315",72,48,44,46,73,167,156,108,104,125,95,75,47,20,19,21,29,31,24,9,2
東松戸4丁目,321,641,19,32,45,31,39,80,52,40,57,61,57,37,20,13,18,18,10,10,2,－,－
秋山1丁目,837,"1,809",59,85,115,105,104,98,84,108,129,191,211,182,96,65,59,54,34,22,6,2,－
秋山2丁目,626,"1,630",111,139,136,104,67,77,106,131,175,176,137,78,41,35,29,44,25,9,9,－,1
秋山3丁目,623,"1,604",50,94,133,143,132,94,69,71,122,150,159,128,72,38,43,36,33,21,10,6,－
馬橋,"4,243","7,009",190,155,185,219,480,690,563,472,442,498,553,516,406,320,337,375,277,197,102,26,6
中根,740,"1,274",39,25,26,41,66,123,113,102,83,91,120,109,81,56,64,55,33,35,8,4,－
新作,"2,037","3,909",185,142,144,149,183,285,328,257,298,291,298,282,230,185,149,193,157,94,52,7,－
三ケ月,"1,441","2,999",122,178,115,107,148,195,185,252,258,202,247,268,177,141,116,97,98,55,35,3,－
幸谷,"1,686","3,470",122,112,139,161,243,280,232,221,235,241,316,262,200,157,164,165,121,65,25,8,1
七右衛門新田,69,175,4,5,10,7,7,8,7,8,10,12,14,13,17,10,12,8,6,15,1,－,1
主水新田,65,172,－,4,6,8,18,5,4,3,12,8,11,19,13,10,14,8,13,10,4,2,－
外河原,4,14,－,－,2,－,1,1,－,－,－,1,1,3,－,－,1,1,2,1,－,－,－
中根長津町,655,"1,140",41,35,43,46,69,119,108,87,101,99,130,91,44,34,33,23,27,6,3,1,－
西馬橋蔵元町,"1,197","1,771",55,38,39,53,174,296,180,132,120,114,136,129,86,56,62,37,39,18,5,2,－
西馬橋幸町,"1,026","1,573",50,35,31,46,127,200,128,144,127,108,124,105,87,57,64,66,43,21,6,3,1
西馬橋広手町,597,"1,022",29,27,26,30,67,79,65,73,56,72,88,80,64,56,58,69,46,24,9,3,1
西馬橋相川町,715,"1,275",39,36,32,40,74,110,86,83,96,85,93,94,83,76,76,72,51,31,18,－,－
旭町1丁目,25,35,－,－,－,2,1,－,－,－,1,3,2,－,1,6,－,2,3,10,2,2,－
旭町2丁目,155,266,5,5,6,6,10,16,13,11,12,8,19,15,12,9,10,23,38,22,23,2,1
旭町3丁目,60,117,1,2,4,3,6,2,5,3,5,11,13,7,7,10,13,8,12,3,2,－,－
旭町4丁目,30,57,1,－,2,3,3,4,2,1,3,5,2,4,－,1,1,10,6,5,1,2,1
西馬橋1丁目,"1,349","2,562",87,107,112,87,138,171,139,181,176,195,214,184,143,110,113,145,124,100,28,7,1
西馬橋2丁目,827,"1,635",38,45,54,40,69,84,81,72,94,98,123,103,112,104,115,128,145,88,34,7,1
西馬橋3丁目,"1,175","2,180",49,61,92,69,108,108,125,125,143,144,190,162,112,94,129,179,144,101,42,3,－
西馬橋4丁目,"1,023","2,183",63,92,93,110,123,111,112,121,152,156,199,154,115,110,123,156,109,55,23,5,1
西馬橋5丁目,418,886,23,21,45,51,36,42,56,44,56,53,76,68,65,53,59,57,50,18,8,4,1
常盤平1丁目,"1,090","1,989",78,62,52,70,123,148,133,111,93,141,170,163,114,90,112,120,110,67,29,3,－
常盤平2丁目,"2,091","3,370",72,78,70,88,175,210,176,156,162,194,256,241,247,172,244,262,252,191,102,21,1
常盤平3丁目,"2,742","4,349",126,103,110,136,168,257,247,248,256,269,360,337,323,267,349,328,260,138,53,12,2
常盤平4丁目,"3,029","5,060",84,97,132,197,389,292,181,211,224,296,465,444,378,294,369,387,326,201,81,10,2
常盤平5丁目,"1,035","1,762",48,32,43,44,118,126,106,93,94,109,140,153,148,120,100,93,82,69,31,12,1
常盤平6丁目,827,"1,839",41,62,105,102,122,83,76,87,97,132,176,194,150,90,84,84,65,57,20,11,1
常盤平7丁目,"1,629","2,917",68,77,104,113,169,167,167,146,153,147,222,253,200,160,194,214,173,117,57,14,2
常盤平西窪町,"1,005","2,119",85,100,90,90,95,120,128,117,154,134,163,127,125,100,112,123,125,77,41,12,1
常盤平双葉町,702,"1,654",47,62,118,142,73,45,53,72,92,181,178,103,109,89,47,89,72,47,28,7,－
常盤平柳町,696,"1,546",81,86,75,64,82,82,78,100,118,113,118,103,86,70,63,83,64,53,23,3,1
常盤平陣屋前,"1,079","1,809",78,62,52,46,114,186,163,134,134,118,147,146,107,72,70,62,45,51,17,4,1
金ケ作,"3,943","7,686",170,224,300,286,364,378,407,322,450,499,603,590,495,461,514,579,432,377,171,52,12
日暮,55,117,4,4,7,1,9,6,8,8,6,9,8,10,6,2,6,7,7,9,－,－,－
千駄堀,"3,181","6,457",237,238,200,233,354,451,413,375,379,418,547,482,392,277,346,414,387,212,86,16,－
中和倉,"2,175","4,354",179,180,174,200,243,309,312,291,288,285,358,319,223,165,203,224,203,130,57,9,2
栗ケ沢,831,"1,896",65,90,101,96,88,77,97,100,127,155,147,125,97,99,128,119,109,50,21,4,1
八ケ崎,2,4,ｘ,ｘ,ｘ,ｘ,ｘ,ｘ,ｘ,ｘ,ｘ,ｘ,ｘ,ｘ,ｘ,ｘ,ｘ,ｘ,ｘ,ｘ,ｘ,ｘ,ｘ
小金原1丁目,953,"1,936",82,87,71,61,96,119,161,126,120,121,152,159,96,73,99,108,97,73,33,2,－
小金原2丁目,607,"1,340",68,60,52,49,79,67,76,73,74,73,117,104,64,66,74,76,75,48,31,12,2
小金原3丁目,"1,723","2,850",40,45,49,83,142,152,123,106,109,179,240,222,186,151,227,303,283,152,52,6,－
小金原4丁目,"1,199","2,372",71,91,87,106,89,108,117,125,138,158,173,167,139,139,142,144,165,133,66,14,－
小金原5丁目,"1,133","2,404",61,102,105,106,107,87,91,135,155,134,212,209,147,148,122,137,167,120,47,9,3
小金原6丁目,"1,725","2,800",33,51,52,62,86,87,81,97,127,145,217,184,174,173,279,308,333,216,81,12,2
小金原7丁目,"1,433","3,057",111,165,150,135,94,103,148,163,188,184,242,222,178,164,175,210,195,146,70,13,1
小金原8丁目,713,"1,536",68,77,58,57,50,75,98,95,82,95,106,94,106,82,90,91,95,70,36,11,－
小金原9丁目,"1,071","2,349",90,114,135,121,131,89,120,151,150,157,193,159,148,114,137,101,114,78,36,8,3
牧の原,"2,284","3,471",51,60,61,89,98,95,112,101,133,158,267,256,246,226,405,445,382,206,72,6,2
牧の原1丁目,993,"2,397",60,74,89,137,175,109,93,107,129,183,249,239,197,149,123,141,74,40,23,6,－
牧の原2丁目,"1,070","2,190",61,57,56,88,115,107,93,112,109,129,195,196,135,103,149,175,190,79,31,8,2
日暮1丁目,538,884,19,20,23,30,63,76,62,55,54,69,91,73,63,52,39,48,28,13,6,－,－
日暮2丁目,669,"1,033",18,15,22,45,86,83,75,71,67,76,76,87,56,59,54,67,38,23,10,5,－
日暮3丁目,775,"1,454",59,56,43,52,109,99,90,76,96,90,143,125,76,67,70,67,66,51,17,1,1
日暮4丁目,402,866,30,50,36,40,40,40,58,57,61,58,68,61,45,30,36,39,51,38,21,5,2
日暮5丁目,771,"1,453",68,62,38,33,70,113,114,88,111,91,105,138,85,64,73,77,63,40,15,4,1
日暮6丁目,395,755,17,26,36,36,45,44,43,42,43,54,73,54,49,39,31,41,43,29,8,2,－
日暮7丁目,919,"1,847",58,63,62,78,80,79,81,88,112,111,147,119,122,107,114,149,149,74,43,11,－
日暮8丁目,346,789,46,34,31,51,43,60,67,48,35,57,65,58,39,35,30,37,32,16,4,1,－
八ケ崎緑町,477,996,22,35,31,44,75,49,65,50,42,71,124,81,58,53,63,65,46,17,4,1,－
八ケ崎1丁目,615,"1,240",27,34,53,50,77,60,41,60,80,97,121,84,67,71,75,81,73,48,32,7,2
八ケ崎2丁目,833,"1,742",43,58,63,66,76,75,74,81,83,110,125,150,127,107,156,139,89,74,31,11,4
八ケ崎3丁目,"1,382","3,110",111,129,112,136,158,132,166,176,162,212,265,241,178,149,191,226,194,125,33,13,1
八ケ崎4丁目,603,"1,283",38,51,37,40,57,46,44,60,99,83,88,105,73,83,91,110,102,53,18,5,－
八ケ崎5丁目,988,"2,179",92,97,88,84,121,123,118,121,145,147,204,158,119,103,109,121,125,72,28,4,－
八ケ崎6丁目,"1,376","2,900",104,114,110,126,171,120,167,152,167,198,230,211,163,143,190,188,164,118,51,12,1
八ケ崎7丁目,"1,197","2,512",100,106,110,117,134,161,140,157,165,154,225,214,159,119,116,131,99,60,36,6,3
八ケ崎8丁目,732,"1,472",41,48,58,61,87,105,102,103,91,96,139,119,98,61,53,79,69,44,14,3,1
五香六実,258,349,11,19,8,34,72,50,28,22,17,18,23,11,5,9,5,8,5,3,1,－,－
串崎新田,963,"1,817",37,46,40,61,107,138,102,76,110,136,152,152,104,93,94,147,140,53,27,2,－
高柳新田,142,352,14,14,22,27,18,18,17,16,17,27,43,30,20,17,18,15,10,4,4,1,－
松飛台,"3,746","7,962",231,336,338,397,516,420,328,437,424,628,770,617,444,319,381,506,472,282,89,22,5
高柳,9,20,－,－,－,1,1,1,－,6,1,－,2,2,3,－,1,1,－,1,－,－,－
串崎南町,800,"1,645",60,60,69,71,85,91,89,76,92,138,147,123,77,79,85,136,98,47,15,7,－
六高台1丁目,333,690,23,21,21,21,36,40,32,34,34,27,49,61,59,58,54,60,41,14,3,2,－
六高台2丁目,710,"1,440",39,41,45,67,61,47,58,57,85,92,110,88,95,106,144,146,73,55,19,9,3
六高台3丁目,551,"1,239",48,51,88,69,81,49,65,72,82,88,118,82,48,53,71,76,62,27,7,1,1
六高台4丁目,762,"1,611",38,59,63,85,64,60,59,91,93,139,105,120,95,97,117,156,99,48,19,4,－
六高台5丁目,"1,014","2,325",74,92,117,126,115,119,116,128,147,161,203,218,131,113,137,131,115,62,20,－,－
六高台6丁目,503,"1,100",42,28,38,49,45,38,52,50,57,63,83,82,87,54,71,87,73,68,24,9,－
六高台7丁目,"1,369","2,764",43,51,62,110,104,124,122,104,103,161,195,272,370,317,212,190,126,65,26,6,1
六高台8丁目,"1,071","2,552",28,70,107,117,161,139,93,83,122,128,226,341,262,165,171,157,107,46,26,3,－
六高台9丁目,502,"1,053",31,18,40,59,63,42,44,37,49,48,90,105,76,68,68,95,65,35,13,7,－
六実1丁目,571,"1,227",39,51,51,42,42,58,56,73,77,88,88,91,80,68,72,107,74,45,18,5,2
六実2丁目,634,"1,389",58,58,66,70,62,79,89,77,97,106,102,94,74,51,69,93,67,50,24,3,－
六実3丁目,810,"1,577",44,53,59,54,69,107,111,88,87,115,132,126,111,78,96,92,83,48,19,5,－
六実4丁目,464,754,18,16,11,17,53,83,52,44,36,50,49,64,56,42,38,41,31,31,16,5,1
六実5丁目,435,867,26,26,33,44,52,56,59,43,54,52,79,76,62,42,45,52,31,22,12,1,－
六実6丁目,770,"1,577",44,39,63,76,112,113,87,97,79,93,137,142,98,109,84,82,62,44,12,4,－
六実7丁目,104,200,4,4,6,7,9,8,12,5,11,14,18,14,7,10,27,20,13,9,2,－,－
五香1丁目,769,"1,493",32,40,50,92,84,72,67,67,81,145,157,107,100,85,87,89,73,42,16,7,－
五香2丁目,981,"2,139",65,100,98,81,94,110,104,121,155,125,179,171,120,120,121,124,110,87,46,8,－
五香3丁目,555,"1,276",52,73,65,45,58,38,68,79,95,88,83,105,73,73,67,88,66,33,21,6,－
五香4丁目,"1,170","2,718",123,115,131,142,146,134,153,191,159,189,278,186,129,122,130,128,137,79,36,8,2
五香5丁目,270,544,16,11,15,15,33,30,39,36,28,26,55,33,34,25,39,43,29,27,7,3,－
五香6丁目,570,"1,107",37,37,37,44,28,48,52,64,54,71,82,82,94,68,59,78,71,60,34,6,1
五香7丁目,"1,111","2,446",144,108,116,110,105,163,193,175,167,170,196,153,100,99,111,129,114,62,21,9,1
五香8丁目,484,"1,079",60,59,49,41,33,49,69,74,74,89,85,67,61,51,71,61,49,21,13,3,－
五香南1丁目,468,836,16,20,21,23,46,63,38,44,41,51,74,89,70,60,43,52,48,21,15,1,－
五香南2丁目,"1,066","1,991",38,50,74,68,80,110,104,103,93,132,153,180,133,152,165,156,87,69,34,8,2
五香南3丁目,616,"1,157",34,41,41,43,64,84,57,59,68,84,107,91,55,52,61,68,85,42,16,5,－
五香西1丁目,837,"1,539",36,42,50,70,86,74,91,73,76,112,145,120,126,85,87,97,79,55,30,5,－
五香西2丁目,"1,299","2,732",88,104,144,122,121,152,149,153,168,214,225,185,142,115,161,192,162,85,37,12,1
五香西3丁目,849,"2,177",113,125,161,111,106,97,116,141,192,160,185,138,104,94,121,85,71,33,17,7,－
五香西4丁目,297,703,19,46,33,34,36,26,25,35,35,58,68,58,35,24,36,47,50,23,13,1,1
五香西5丁目,187,392,20,38,30,20,12,8,13,32,33,29,14,16,11,5,15,22,23,18,23,9,1
五香西6丁目,134,395,16,52,38,32,11,6,8,46,40,40,26,17,8,6,15,17,9,4,4,－,－
六高台西,173,334,5,9,9,17,18,12,11,12,19,22,32,26,13,25,14,23,42,18,5,1,1
小金,"2,265","4,263",123,138,131,174,237,300,248,259,248,278,377,336,308,224,234,235,189,142,58,23,1
小金清志町1丁目,223,427,14,11,23,15,24,25,22,22,40,28,28,35,28,35,27,17,15,13,3,1,1
小金清志町2丁目,476,949,28,24,44,55,73,59,45,58,52,73,75,66,64,53,41,50,40,32,11,5,1
小金清志町3丁目,625,954,32,25,21,37,90,102,79,50,61,52,70,70,54,42,33,54,33,33,12,4,－
小金きよしケ丘1丁目,501,893,27,32,29,30,66,81,74,67,60,51,85,66,55,33,45,33,32,16,9,2,－
小金きよしケ丘2丁目,539,"1,008",30,41,30,30,70,65,69,52,54,70,74,92,63,54,49,84,38,29,12,2,－
小金きよしケ丘3丁目,695,"1,429",46,74,73,68,72,72,66,78,122,134,140,116,75,56,76,61,45,35,15,4,1
小金きよしケ丘4丁目,350,629,8,17,22,19,32,22,31,37,30,42,58,44,35,47,46,57,45,19,9,6,3
小金きよしケ丘5丁目,166,310,6,9,17,8,12,20,22,16,24,18,20,21,19,19,23,19,22,12,2,－,1
二ツ木,"2,692","5,518",161,229,241,240,374,377,330,352,368,363,511,443,359,248,266,287,200,112,45,12,－
大谷口,"1,941","3,810",212,187,91,101,259,317,387,344,250,213,268,268,216,172,161,135,106,68,41,10,4
幸田,38,38,－,－,－,－,－,－,－,－,－,－,－,－,－,－,2,4,6,16,8,2,－
中金杉,－,－,－,－,－,－,－,－,－,－,－,－,－,－,－,－,－,－,－,－,－,－,－
平賀,"1,164","2,416",77,120,97,91,93,116,141,144,145,160,180,177,155,123,151,180,138,91,31,5,1
殿平賀,"1,528","2,918",94,90,104,125,185,217,190,173,186,233,241,217,174,170,156,147,102,64,32,18,－
東平賀,"2,263","4,098",135,140,140,111,231,331,325,275,251,275,322,295,268,177,219,222,172,147,52,10,－
久保平賀,737,"1,413",57,43,37,22,69,97,108,115,86,87,104,87,88,100,112,93,52,36,17,2,1
根木内,"2,079","4,068",108,123,150,222,263,287,245,240,227,297,347,316,218,182,218,205,191,145,60,19,5
小金上総町,633,"1,280",43,61,64,47,77,69,75,85,97,83,88,93,78,48,59,78,58,45,26,6,－
横須賀1丁目,640,"1,343",59,71,83,66,83,94,87,106,118,98,91,83,66,52,63,55,32,16,14,5,1
横須賀2丁目,867,"1,774",91,72,80,66,106,141,139,184,136,133,148,106,93,78,63,78,40,12,6,2,－
中金杉1丁目,337,862,33,44,45,45,45,27,37,50,48,72,67,57,52,43,57,50,49,23,16,2,－
中金杉2丁目,156,318,8,6,14,10,25,10,12,8,16,17,30,34,22,16,19,22,27,12,9,1,－
中金杉3丁目,269,557,17,20,18,13,30,33,31,31,24,33,34,61,43,24,34,58,26,15,9,3,－
中金杉4丁目,282,617,17,17,21,23,21,24,25,28,37,41,39,42,41,44,51,60,52,23,9,1,1
中金杉5丁目,211,512,8,21,32,52,36,10,20,18,35,47,49,36,25,22,31,28,23,12,5,1,1
新松戸南1丁目,"1,392","2,646",100,80,77,102,219,215,216,161,178,173,216,196,158,112,137,139,105,40,13,9,－
新松戸南2丁目,750,"1,519",53,55,46,60,77,81,88,75,95,88,110,88,90,97,112,131,104,48,17,4,－
新松戸南3丁目,785,"1,955",85,150,130,112,97,92,115,151,154,163,154,125,79,59,73,88,82,32,10,4,－
新松戸北1丁目,"1,125","2,020",82,60,51,54,114,163,145,147,115,113,127,136,133,110,115,146,119,65,18,4,3
新松戸北2丁目,"1,260","2,411",64,100,102,89,154,168,125,125,157,168,185,136,120,109,166,210,141,59,27,5,1
幸田1丁目,266,704,63,47,43,26,24,47,58,67,44,51,49,21,33,24,18,37,27,18,6,1,－
幸田2丁目,429,900,25,36,23,48,46,48,41,37,52,65,67,71,40,33,63,89,71,30,13,2,－
幸田3丁目,342,714,22,27,29,29,39,39,29,39,40,32,45,41,45,31,59,77,54,27,8,1,1
幸田4丁目,162,406,37,27,14,8,19,39,32,36,19,20,18,33,17,10,19,25,16,15,2,－,－
幸田5丁目,501,"1,120",41,66,53,45,48,52,58,81,77,81,93,75,55,51,58,77,59,36,10,4,－
二ツ木二葉町,291,545,11,9,13,28,34,49,23,22,22,36,40,65,54,28,23,26,36,16,6,4,－
大金平1丁目,388,777,32,21,25,33,43,63,53,32,56,49,75,80,55,34,32,46,31,11,5,1,－
大金平2丁目,478,928,25,30,38,55,58,54,62,44,66,71,113,73,41,34,36,35,46,28,14,4,1
大金平3丁目,386,728,25,23,23,27,56,60,50,35,38,40,57,51,44,30,32,52,45,29,9,2,－
大金平4丁目,664,"1,312",45,52,58,55,79,73,67,75,82,71,132,110,68,56,75,84,73,39,15,3,－
大金平5丁目,597,"1,310",45,60,72,70,67,78,69,82,79,91,87,99,64,51,77,84,71,43,16,4,1
新松戸1丁目,"1,415","2,131",73,54,44,43,154,278,224,170,137,123,159,137,110,91,117,100,62,35,13,7,－
新松戸2丁目,810,"1,112",26,21,32,17,145,166,115,65,66,68,88,88,39,33,41,46,30,20,5,1,－
新松戸3丁目,"4,025","7,467",177,210,186,272,471,517,396,383,432,478,570,570,436,440,553,660,411,206,70,24,5
新松戸4丁目,"2,290","4,056",111,99,105,118,273,361,261,245,282,273,295,248,208,203,297,315,205,105,40,12,－
新松戸5丁目,"1,768","3,482",86,138,141,107,158,160,167,205,237,237,238,201,227,215,295,331,214,87,33,4,1
新松戸6丁目,"1,993","4,116",171,185,182,173,189,291,234,306,304,271,281,269,223,217,247,233,184,96,47,13,－
新松戸7丁目,"3,361","6,943",208,253,250,241,264,319,396,368,435,529,527,396,345,323,543,738,490,226,73,16,3
新松戸東,476,883,37,18,23,17,58,85,79,50,59,47,66,52,79,75,53,50,22,8,3,2,－
